row_id,date,time,events,platforms,format,state,published_ids,caption,hashtags,caption_x,link_fb,link_ig,utm_campaign,utm_content,asset_files,manual_reason,notes
TL-01,2026-08-19,17:00,TL,"ig,fb","Carousel, 3 slides",skipped,,"One week out.

Wednesday, August 26. Tellus360, 24 E King St. Doors 6:30. Thirty people, and that's the cap.

Link in bio.",#LancasterPA #LancasterEvents #SingleInLancaster #DowntownLancaster #LancasterNightlife #IRLDating #DatingAppFatigue #MeetInPerson #LancasterSingles #SpeedDating,"One week out. Wednesday, August 26. Tellus360, 24 E King St. Doors 6:30. Thirty people, and that's the cap. Link in bio.",https://sparkdate.date/lp?eventId=8E9WZTat32JyoUjWuIE7&utm_source=Facebook&utm_medium=social&utm_campaign=TL_202608&utm_content=TL-01,https://sparkdate.date/lp?eventId=8E9WZTat32JyoUjWuIE7&utm_source=Instagram&utm_medium=social&utm_campaign=TL_202608&utm_content=TL-01,TL_202608,TL-01,"TL-01_1of3.jpg,TL-01_2of3.jpg,TL-01_3of3.jpg",,"Plan dates it Tue Aug 19; today IS Aug 19 so this ships same-day or not at all. Schedule immediately or fold into TL-2.  |  DARK 8/19 (~6:15pm ET): user decided to skip TL-1 entirely, no replacement post. Its 5pm slot had already passed by review time."
MC-LAUNCH,2026-08-19,23:00,MC,"ig,fb","Carousel, 5 slides",skipped,,"Round five is Marion Court.

September 8. Marion Court Room, Lancaster. 6:30 to 8:30.

Not speed dating. Not an app. A room of people who actually decided to show up. Drinks, then an icebreaker, then conversations - in that order.

Early bird is $18.99 through August 24, then it's $24.99. Link in bio.",#LancasterDating #LancasterEvents #EarlyBird #SparkDate,"Round five is Marion Court. September 8. Marion Court Room, Lancaster. 6:30 to 8:30. Not speed dating. Not an app. A room of people who actually decided to show up. Drinks, then an icebreaker, then conversations - in that order.",https://sparkdate.date/lp?eventId=WUaooYvOq0eC0D1QVCvQ&utm_source=Facebook&utm_medium=social&utm_campaign=MC_202608&utm_content=MC-LAUNCH,https://sparkdate.date/lp?eventId=WUaooYvOq0eC0D1QVCvQ&utm_source=Instagram&utm_medium=social&utm_campaign=MC_202608&utm_content=MC-LAUNCH,MC_202608,MC-LAUNCH,"MC-LAUNCH_1of5.jpg,MC-LAUNCH_2of5.jpg,MC-LAUNCH_3of5.jpg,MC-LAUNCH_4of5.jpg,MC-LAUNCH_5of5.jpg",,"NEW POST - added same-day at your request, posting tonight 11pm. Caption is my draft, built from the same template used for the Tellus/GGT Aug 4 launch posts (venue/date/price swapped in from your slide images). Please confirm wording before it goes up - I do not have your original caption text for this one, only the 5 image slides.  |  DARK 8/19: user decided to skip MC-LAUNCH tonight entirely. Draft caption (built from the 5 image slides, not original wording) was never approved."
GG-01,2026-08-20,12:30,GG,"ig,fb",Carousel / stat card,posted,"{""legacy"":""posted-before-pipeline""}","22 people came to our first one.

Two months later, multiple matches are still talking. We didn't stage any of it and we didn't pay anyone to say anything.

Monday, August 31. Good Good Things, 11 S 21st, Rittenhouse. 6:30 to 8:30.

Link in bio.",#PhillyDating #PhillyEvents #SingleInPhilly #RittenhouseSquare #IRLDating #MeetInPerson #PhillySingles #SpeedDating,"22 people came to our first one. Two months later, multiple matches are still talking. We didn't stage any of it and we didn't pay anyone to say anything. Monday, August 31. Good Good Things, 11 S 21st, Rittenhouse. 6:30 to 8:30. Link in bio.",https://sparkdate.date/lp?eventId=HwXXG8HPLMLwaoBoNdXk&utm_source=Facebook&utm_medium=social&utm_campaign=GG_202608&utm_content=GG-01,https://sparkdate.date/lp?eventId=HwXXG8HPLMLwaoBoNdXk&utm_source=Instagram&utm_medium=social&utm_campaign=GG_202608&utm_content=GG-01,GG_202608,GG-01,"GG-01_1of5.jpg,GG-01_2of5.jpg,GG-01_3of5.jpg,GG-01_4of5.jpg,GG-01_5of5.jpg",,"v3 Aug 20 'Job A - proof'. v3 gives concept only; caption written from Full Campaign Aug 8 proof post. REVIEW BEFORE POSTING.  |  POSTED 8/19: user confirmed to pick up building from the Aug 24 AM post onward, treating everything through MC-2 as already handled in Meta's existing queue (an older queue was found live, predating this corrected sheet, plus TL-4/MC-1/MC-2 visually confirmed scheduled at their exact worksheet times). Not rebuilt this session -- worth a wording/asset spot-check against this sheet if that hasn't happened."
TL-02,2026-08-21,17:00,TL,"ig,fb",Reel,posted,"{""legacy"":""posted-before-pipeline""}","This is the room.

August 26, Tellus360, 24 E King St. 6:30. $24.99.",#LancasterPA #LancasterEvents #SingleInLancaster #DowntownLancaster #LancasterNightlife #IRLDating #DatingAppFatigue #MeetInPerson #LancasterSingles #SpeedDating,"This is the room. August 26, Tellus360, 24 E King St. 6:30. $24.99.",https://sparkdate.date/lp?eventId=8E9WZTat32JyoUjWuIE7&utm_source=Facebook&utm_medium=social&utm_campaign=TL_202608&utm_content=TL-02,https://sparkdate.date/lp?eventId=8E9WZTat32JyoUjWuIE7&utm_source=Instagram&utm_medium=social&utm_campaign=TL_202608&utm_content=TL-02,TL_202608,TL-02,TL-02.jpg,,"Plan says Thu Aug 21. Caption states $24.99 but the campaign FACTS block says regular = $18.99 - resolve before posting (Blockers #14).  |  POSTED 8/19: user confirmed to pick up building from the Aug 24 AM post onward, treating everything through MC-2 as already handled in Meta's existing queue (an older queue was found live, predating this corrected sheet, plus TL-4/MC-1/MC-2 visually confirmed scheduled at their exact worksheet times). Not rebuilt this session -- worth a wording/asset spot-check against this sheet if that hasn't happened."
TL-03,2026-08-22,16:00,TL,"ig,fb","Carousel, 4 slides",posted,"{""legacy"":""posted-before-pipeline""}","You don't have to walk in alone. Most people don't.

Bring a friend, split the nerves, meet twice as many people. August 26, Tellus360, Lancaster.",#LancasterPA #LancasterEvents #SingleInLancaster #DowntownLancaster #LancasterNightlife #IRLDating #DatingAppFatigue #MeetInPerson #LancasterSingles #SpeedDating,"You don't have to walk in alone. Most people don't. Bring a friend, split the nerves, meet twice as many people. August 26, Tellus360, Lancaster.",https://sparkdate.date/lp?eventId=8E9WZTat32JyoUjWuIE7&utm_source=Facebook&utm_medium=social&utm_campaign=TL_202608&utm_content=TL-03,https://sparkdate.date/lp?eventId=8E9WZTat32JyoUjWuIE7&utm_source=Instagram&utm_medium=social&utm_campaign=TL_202608&utm_content=TL-03,TL_202608,TL-03,"TL-03_1of4.jpg,TL-03_2of4.jpg,TL-03_3of4.jpg,TL-03_4of4.jpg",,"Design-only slides.  |  POSTED 8/19: user confirmed to pick up building from the Aug 24 AM post onward, treating everything through MC-2 as already handled in Meta's existing queue (an older queue was found live, predating this corrected sheet, plus TL-4/MC-1/MC-2 visually confirmed scheduled at their exact worksheet times). Not rebuilt this session -- worth a wording/asset spot-check against this sheet if that hasn't happened."
GG-08,2026-08-22,17:00,GG,"ig,fb",Reel,posted,"{""legacy"":""posted-before-pipeline""}","This is the room.

August 31, Good Good Things, Rittenhouse. 6:30. $29.99.",#PhillyDating #PhillyEvents #SingleInPhilly #RittenhouseSquare #PhillyNightlife #IRLDating #DatingAppFatigue #MeetInPerson #PhillySingles #SpeedDating,"This is the room. August 31, Good Good Things, Rittenhouse. 6:30. $29.99.",https://sparkdate.date/lp?eventId=HwXXG8HPLMLwaoBoNdXk&utm_source=Facebook&utm_medium=social&utm_campaign=GG_202608&utm_content=GG-08,https://sparkdate.date/lp?eventId=HwXXG8HPLMLwaoBoNdXk&utm_source=Instagram&utm_medium=social&utm_campaign=GG_202608&utm_content=GG-08,GG_202608,GG-08,"GG-08_1of2.jpg,GG-08_2of2.jpg",,"In the design plan (dated Fri Aug 22) but absent from the v3 must-ship spine. Caption states $29.99 - matches GGT FACTS.  |  POSTED 8/19: user confirmed to pick up building from the Aug 24 AM post onward, treating everything through MC-2 as already handled in Meta's existing queue (an older queue was found live, predating this corrected sheet, plus TL-4/MC-1/MC-2 visually confirmed scheduled at their exact worksheet times). Not rebuilt this session -- worth a wording/asset spot-check against this sheet if that hasn't happened."
TL-04,2026-08-23,16:00,TL,"ig,fb","Carousel, 4 slides",posted,"{""legacy"":""posted-before-pipeline""}","Three days.

This is the room you'd be walking into on Wednesday. August 26, Tellus360, 24 E King St, 6:30.

Link in bio.",#LancasterPA #LancasterEvents #SingleInLancaster #DowntownLancaster #LancasterNightlife #IRLDating #DatingAppFatigue #MeetInPerson #LancasterSingles #SpeedDating,"Three days. This is the room you'd be walking into on Wednesday. August 26, Tellus360, 24 E King St, 6:30. Link in bio.",https://sparkdate.date/lp?eventId=8E9WZTat32JyoUjWuIE7&utm_source=Facebook&utm_medium=social&utm_campaign=TL_202608&utm_content=TL-04,https://sparkdate.date/lp?eventId=8E9WZTat32JyoUjWuIE7&utm_source=Instagram&utm_medium=social&utm_campaign=TL_202608&utm_content=TL-04,TL_202608,TL-04,"TL-04_1of4.jpg,TL-04_2of4.jpg,TL-04_3of4.jpg,TL-04_4of4.jpg",,"Plan says Sat Aug 23. Never caption these as shot at Tellus360 - all consented frames are from the Philadelphia events.  |  POSTED 8/19: user confirmed to pick up building from the Aug 24 AM post onward, treating everything through MC-2 as already handled in Meta's existing queue (an older queue was found live, predating this corrected sheet, plus TL-4/MC-1/MC-2 visually confirmed scheduled at their exact worksheet times). Not rebuilt this session -- worth a wording/asset spot-check against this sheet if that hasn't happened."
MC-01,2026-08-23,17:00,MC,"ig,fb","Carousel, 3 slides",posted,"{""legacy"":""posted-before-pipeline""}","Early bird for September 8 ends tomorrow night.

$18.99 today. $24.99 from Tuesday. Same room, same night - just a worse price.

Marion Court Room, Lancaster. Link in bio.",#LancasterDating #LancasterEvents #EarlyBird #SparkDate,"Early bird for September 8 ends tomorrow night. $18.99 today. $24.99 from Tuesday. Same room, same night - just a worse price. Marion Court Room, Lancaster. Link in bio.",https://sparkdate.date/lp?eventId=WUaooYvOq0eC0D1QVCvQ&utm_source=Facebook&utm_medium=social&utm_campaign=MC_202608&utm_content=MC-01,https://sparkdate.date/lp?eventId=WUaooYvOq0eC0D1QVCvQ&utm_source=Instagram&utm_medium=social&utm_campaign=MC_202608&utm_content=MC-01,MC_202608,MC-01,"MC-01_1of2.jpg,MC-01_2of2_story.jpg",,"Design-only.  |  POSTED 8/19: user confirmed to pick up building from the Aug 24 AM post onward, treating everything through MC-2 as already handled in Meta's existing queue (an older queue was found live, predating this corrected sheet, plus TL-4/MC-1/MC-2 visually confirmed scheduled at their exact worksheet times). Not rebuilt this session -- worth a wording/asset spot-check against this sheet if that hasn't happened."
MC-02,2026-08-24,09:00,MC,"ig,fb",Single image,posted,"{""legacy"":""posted-before-pipeline""}","Last day at $18.99 for September 8. Tomorrow it's $24.99.

Marion Court Room, Lancaster, 6:30pm. Link in bio.",#LancasterDating #LancasterEvents #SingleInLancaster #EarlyBird #SparkDate #SpeedDating #IRLDating #DatingAppFatigue,"Last day at $18.99 for September 8. Tomorrow it's $24.99. Marion Court Room, Lancaster, 6:30pm. Link in bio.",https://sparkdate.date/lp?eventId=WUaooYvOq0eC0D1QVCvQ&utm_source=Facebook&utm_medium=social&utm_campaign=MC_202608&utm_content=MC-02,https://sparkdate.date/lp?eventId=WUaooYvOq0eC0D1QVCvQ&utm_source=Instagram&utm_medium=social&utm_campaign=MC_202608&utm_content=MC-02,MC_202608,MC-02,"MC-02_1of3.jpg,MC-02_2of3.jpg,MC-02_3of3.jpg",,"PIN TO PROFILE. Highest-conversion post of the Marion Court cycle.  |  POSTED 8/19: user confirmed to pick up building from the Aug 24 AM post onward, treating everything through MC-2 as already handled in Meta's existing queue (an older queue was found live, predating this corrected sheet, plus TL-4/MC-1/MC-2 visually confirmed scheduled at their exact worksheet times). Not rebuilt this session -- worth a wording/asset spot-check against this sheet if that hasn't happened."
GG-02,2026-08-24,16:00,GG,"ig,fb","Carousel, 3 slides",posted,"{""legacy"":""posted-before-pipeline""}","One week out.

Monday, August 31. Good Good Things, 11 S 21st. Doors 6:30. Thirty people, and that's the cap.

Link in bio.",#PhillyDating #PhillyEvents #SingleInPhilly #RittenhouseSquare #IRLDating #MeetInPerson #PhillySingles #SpeedDating,"One week out. Monday, August 31. Good Good Things, 11 S 21st. Doors 6:30. Thirty people, and that's the cap. Link in bio.",https://sparkdate.date/lp?eventId=HwXXG8HPLMLwaoBoNdXk&utm_source=Facebook&utm_medium=social&utm_campaign=GG_202608&utm_content=GG-02,https://sparkdate.date/lp?eventId=HwXXG8HPLMLwaoBoNdXk&utm_source=Instagram&utm_medium=social&utm_campaign=GG_202608&utm_content=GG-02,GG_202608,GG-02,"GG-02_1of3.jpg,GG-02_2of3.jpg,GG-02_3of3.jpg",,"COLLISION: Marion Court deadline-day posts also run Aug 24 (9AM feed + 7PM story). Two feed posts one day. Move this to Aug 25 or accept. Caption verbatim from Full Campaign Aug 24.  ** DECIDED Aug 19 - PULLED: the design build slots a pulled frame here (IMG_9203/9204). Substitute from IMG_8859/8861/8862/8865/9001/9004/9005. **  |  IN PROGRESS 8/19: caption + hashtags + Facebook schedule (Aug 24, 4:00pm) already built as a draft in Meta Business Suite (Drafts panel, title starts ""One week out...""). Instagram will not appear as a placement or hold a schedule until a photo/video is attached -- Meta drops IG entirely from a draft with no media. To finish: open that existing draft (do not start a new one), attach the confirmed-consent photos plus The Night.mov frames, then re-set the IG time to 4:00pm once it reappears.  |  POSTED 8/19: user confirmed this is published. (The caption/schedule draft built earlier in this session was no longer in Meta's Drafts list after a mid-session browser-tool disconnect, so this was most likely completed directly by the user rather than continued from that draft -- worth a quick glance next time it is convenient, just to confirm wording/hashtags match this sheet.)"
MC-03,2026-08-24,19:00,MC,ig_story,Story + link sticker + countdown,approved,,A few hours left at $18.99.,#LancasterDating #LancasterEvents #SingleInLancaster #EarlyBird #SparkDate #SpeedDating #IRLDating #DatingAppFatigue,A few hours left at $18.99.,,https://sparkdate.date/lp?eventId=WUaooYvOq0eC0D1QVCvQ&utm_source=Instagram&utm_medium=social&utm_campaign=MC_202608&utm_content=MC-03,MC_202608,MC-03,"MC-03_1of2.jpg,MC-03_2of2.jpg",IG Story stickers (link/countdown) cannot be set via API,"Countdown sticker to midnight.  |  PLAN 8/19 (not yet built -- IG Stories need the image attached before anything else can be set, so this could not be pre-staged): attach MC_0824_story first, then add a link sticker to the Marion Court Sep 8 tracked link, then a countdown sticker targeting 12:00 AM Aug 25 (matches MC-2 early-bird cutoff -- worksheet just said ""midnight""). Overlay text: ""A few hours left at $18.99."""
MC-04,2026-08-25,12:30,MC,"ig,fb",Single image,approved,"{""fb"":""1139242662602769_122119803069340130""}","Early bird's done. $24.99 from here.

The night hasn't changed: September 8, Marion Court Room, Lancaster, 6:30 to 8:30. Thirty people.

Link in bio.",#LancasterPA #LancasterEvents #SingleInLancaster #DowntownLancaster #LancasterNightlife #IRLDating #DatingAppFatigue #MeetInPerson #LancasterSingles #SpeedDating,"Early bird's done. $24.99 from here. The night hasn't changed: September 8, Marion Court Room, Lancaster, 6:30 to 8:30. Thirty people. Link in bio.",https://sparkdate.date/lp?eventId=WUaooYvOq0eC0D1QVCvQ&utm_source=Facebook&utm_medium=social&utm_campaign=MC_202608&utm_content=MC-04,https://sparkdate.date/lp?eventId=WUaooYvOq0eC0D1QVCvQ&utm_source=Instagram&utm_medium=social&utm_campaign=MC_202608&utm_content=MC-04,MC_202608,MC-04,"MC-04_1of4.jpg,MC-04_2of4.jpg,MC-04_3of4.jpg,MC-04_4of4.jpg",,No TikTok today - Tellus last-call owns tomorrow.  ** COLLISION: MC-4 and TL-5 are both 12:30 PM on Aug 25. Move one. **  |  RESOLVED 8/19: Aug 25 12:30pm collision with TL-5 -- user chose to keep MC-4 at 12:30pm and move TL-5 to 5:00pm instead.
TL-05,2026-08-25,17:00,TL,"ig,fb",Single image,approved,"{""fb"":""122119803549340130""}","Tomorrow. 6:30. Tellus360, 24 E King St, Lancaster.

Last call — link in bio.",#LancasterPA #LancasterEvents #SingleInLancaster #DowntownLancaster #LancasterNightlife #IRLDating #DatingAppFatigue #MeetInPerson #LancasterSingles #SpeedDating,"Tomorrow. 6:30. Tellus360, 24 E King St, Lancaster. Last call — link in bio.",https://sparkdate.date/lp?eventId=8E9WZTat32JyoUjWuIE7&utm_source=Facebook&utm_medium=social&utm_campaign=TL_202608&utm_content=TL-05,https://sparkdate.date/lp?eventId=8E9WZTat32JyoUjWuIE7&utm_source=Instagram&utm_medium=social&utm_campaign=TL_202608&utm_content=TL-05,TL_202608,TL-05,TL-05.jpg,,"Design-only.  ** COLLISION: MC-4 and TL-5 are both 12:30 PM on Aug 25. Move one. **  |  RESOLVED 8/19: moved from 12:30pm to 5:00pm per user decision, to resolve the collision with MC-4 (kept at 12:30pm)."
TL-06,2026-08-26,09:00,TL,"ig,fb",Single image,approved,"{""fb"":""122119803597340130""}","Tonight. Doors at 6:30. Tellus360, 24 E King St, Lancaster.

See you there.",#LancasterPA #LancasterEvents #SingleInLancaster #DowntownLancaster #LancasterNightlife #IRLDating #DatingAppFatigue #MeetInPerson #LancasterSingles #SpeedDating,"Tonight. Doors at 6:30. Tellus360, 24 E King St, Lancaster. See you there.",https://sparkdate.date/lp?eventId=8E9WZTat32JyoUjWuIE7&utm_source=Facebook&utm_medium=social&utm_campaign=TL_202608&utm_content=TL-06,https://sparkdate.date/lp?eventId=8E9WZTat32JyoUjWuIE7&utm_source=Instagram&utm_medium=social&utm_campaign=TL_202608&utm_content=TL-06,TL_202608,TL-06,"TL-06_1of2.jpg,TL-06_2of2_story.jpg",,EVENT DAY. Morning feed post.
TL-07,2026-08-26,6:30-8:30 PM,TL,ig_story,Story frames x6-8,pending,,"Live: door, room filling, cards on the table, wide shot, 3-5 on-camera testimonials.",#LancasterDating #SingleInLancaster #LancasterEvents #SparkDate,"Live: door, room filling, cards on the table, wide shot, 3-5 on-camera testimonials.",,https://sparkdate.date/lp?eventId=8E9WZTat32JyoUjWuIE7&utm_source=Instagram&utm_medium=social&utm_campaign=TL_202608&utm_content=TL-07,TL_202608,TL-07,,,Signed releases at check-in before any face goes to Stories.
MC-DARK,2026-08-27,-,MC,,NO POST,skipped,,Do not post Marion Court content. Tellus recap owns this day - let it land clean.,#LancasterDating #SingleInLancaster #DatingAppFatigue #SparkDate,Do not post Marion Court content. Tellus recap owns this day - let it land clean.,,,,MC-DARK,,,From the Marion Court plan.
TL-08,2026-08-27,12:30,TL,"ig,fb",Carousel from live capture,pending,,"Last night at Tellus360.

Thanks to everyone who came out. Next one's already in the works — follow to hear about it first.",#LancasterPA #LancasterEvents #SingleInLancaster #DowntownLancaster #LancasterNightlife #IRLDating #DatingAppFatigue #MeetInPerson #LancasterSingles #SpeedDating,Last night at Tellus360. Thanks to everyone who came out. Next one's already in the works — follow to hear about it first.,https://sparkdate.date/lp?eventId=8E9WZTat32JyoUjWuIE7&utm_source=Facebook&utm_medium=social&utm_campaign=TL_202608&utm_content=TL-08,https://sparkdate.date/lp?eventId=8E9WZTat32JyoUjWuIE7&utm_source=Instagram&utm_medium=social&utm_campaign=TL_202608&utm_content=TL-08,TL_202608,TL-08,,,"Shoot list for the night: door, room-full wide, cards close-up, two-shot conversation."
GG-09,2026-08-27,16:00,GG,"ig,fb","Carousel, 4 slides",pending,,"You don't have to walk in alone. Most people don't.

Bring a friend, split the nerves, meet twice as many people. August 31, Rittenhouse.",#PhillyDating #PhillyEvents #SingleInPhilly #RittenhouseSquare #PhillyNightlife #IRLDating #DatingAppFatigue #MeetInPerson #PhillySingles #SpeedDating,"You don't have to walk in alone. Most people don't. Bring a friend, split the nerves, meet twice as many people. August 31, Rittenhouse.",https://sparkdate.date/lp?eventId=HwXXG8HPLMLwaoBoNdXk&utm_source=Facebook&utm_medium=social&utm_campaign=GG_202608&utm_content=GG-09,https://sparkdate.date/lp?eventId=HwXXG8HPLMLwaoBoNdXk&utm_source=Instagram&utm_medium=social&utm_campaign=GG_202608&utm_content=GG-09,GG_202608,GG-09,,,In the design plan (dated Wed Aug 27) but absent from the v3 spine. Design-only slides.
GG-03,2026-08-28,17:00,GG,"ig,fb","Carousel, 4 slides",pending,,"Three days.

This is the room you'd be walking into on Monday. August 31, Good Good Things, Rittenhouse, 6:30.

Link in bio.",#PhillyDating #PhillyEvents #SingleInPhilly #RittenhouseSquare #IRLDating #MeetInPerson #PhillySingles #SpeedDating,"Three days. This is the room you'd be walking into on Monday. August 31, Good Good Things, Rittenhouse, 6:30. Link in bio.",https://sparkdate.date/lp?eventId=HwXXG8HPLMLwaoBoNdXk&utm_source=Facebook&utm_medium=social&utm_campaign=GG_202608&utm_content=GG-03,https://sparkdate.date/lp?eventId=HwXXG8HPLMLwaoBoNdXk&utm_source=Instagram&utm_medium=social&utm_campaign=GG_202608&utm_content=GG-03,GG_202608,GG-03,,,v3 Aug 28 'final push'. Caption verbatim from Full Campaign Aug 28.  ** DECIDED Aug 19 - PULLED: the design build slots a pulled frame here (IMG_9203/9204). Substitute from IMG_8859/8861/8862/8865/9001/9004/9005. **
MC-05,2026-08-29,17:00,MC,"ig,fb",Reel,pending,,"You're not bad at dating.

You're bad at texting a stranger for two weeks about nothing, waiting for one of you to suggest an actual plan, and watching it die when neither of you does.

That's not a you problem. That's the format.

September 8, Marion Court Room, Lancaster. Link in bio.",#LancasterDating #SingleInLancaster #DatingAppFatigue #IRLDating,"You're not bad at dating. You're bad at texting a stranger for two weeks about nothing, waiting for one of you to suggest an actual plan, and watching it die when neither of you does. That's not a you problem. That's the format.",https://sparkdate.date/lp?eventId=WUaooYvOq0eC0D1QVCvQ&utm_source=Facebook&utm_medium=social&utm_campaign=MC_202608&utm_content=MC-05,https://sparkdate.date/lp?eventId=WUaooYvOq0eC0D1QVCvQ&utm_source=Instagram&utm_medium=social&utm_campaign=MC_202608&utm_content=MC-05,MC_202608,MC-05,,,"Empathy first - no stats, no numbers."
GG-04,2026-08-30,17:00,GG,"ig,fb",Single image,pending,,"Tomorrow. 6:30. Good Good Things, 11 S 21st, Rittenhouse.

Last call - link in bio.",#PhillyDating #PhillyEvents #SingleInPhilly #RittenhouseSquare #IRLDating #MeetInPerson #PhillySingles #SpeedDating,"Tomorrow. 6:30. Good Good Things, 11 S 21st, Rittenhouse. Last call - link in bio.",https://sparkdate.date/lp?eventId=HwXXG8HPLMLwaoBoNdXk&utm_source=Facebook&utm_medium=social&utm_campaign=GG_202608&utm_content=GG-04,https://sparkdate.date/lp?eventId=HwXXG8HPLMLwaoBoNdXk&utm_source=Instagram&utm_medium=social&utm_campaign=GG_202608&utm_content=GG-04,GG_202608,GG-04,,,v3 Aug 30. Caption verbatim from Full Campaign Aug 30.
GG-05,2026-08-31,09:00,GG,"ig,fb",Single image,pending,,"Tonight. Doors at 6:30. Good Good Things, Rittenhouse.

See you there.",#PhillyDating #PhillyEvents #SingleInPhilly #RittenhouseSquare #IRLDating #MeetInPerson #PhillySingles #SpeedDating,"Tonight. Doors at 6:30. Good Good Things, Rittenhouse. See you there.",https://sparkdate.date/lp?eventId=HwXXG8HPLMLwaoBoNdXk&utm_source=Facebook&utm_medium=social&utm_campaign=GG_202608&utm_content=GG-05,https://sparkdate.date/lp?eventId=HwXXG8HPLMLwaoBoNdXk&utm_source=Instagram&utm_medium=social&utm_campaign=GG_202608&utm_content=GG-05,GG_202608,GG-05,,,EVENT DAY. Caption verbatim from Full Campaign Aug 31.
GG-06,2026-08-31,6:30-9:00 PM,GG,ig_story,Story frames x6-8,pending,,"Live frames: door, room filling, wide shot once going, the bar, one detail.",#PhillyDating #PhillyEvents #SparkDate,"Live frames: door, room filling, wide shot once going, the bar, one detail.",,https://sparkdate.date/lp?eventId=HwXXG8HPLMLwaoBoNdXk&utm_source=Instagram&utm_medium=social&utm_campaign=GG_202608&utm_content=GG-06,GG_202608,GG-06,,,CAPTURE PRIORITY: signed release at check-in + 3-5 on-camera testimonials. v3 says this single operational change is worth more than any post.
GG-07,2026-09-01,12:30,"GG,LX","ig,fb","Carousel, 4 slides",pending,,"Last night at Good Good Things, Philadelphia.

Thanks to everyone who came out. Two more coming, both Lancaster:

Marion Court Room - Tuesday, September 8.
Loxley's patio bar - Tuesday, September 22. Early bird $24.99 through the 7th.

Both in bio.",#LancasterDating #LancasterEvents #SparkDate,"Last night at Good Good Things, Philadelphia. Thanks to everyone who came out. Two more coming, both Lancaster: Marion Court Room - Tuesday, September 8. Loxley's patio bar - Tuesday, September 22. Early bird $24.99 through the 7th. Both in bio.",https://sparkdate.date/lp?eventId=WUaooYvOq0eC0D1QVCvQ&utm_source=Facebook&utm_medium=social&utm_campaign=GG-LX_202609&utm_content=GG-07,https://sparkdate.date/lp?eventId=WUaooYvOq0eC0D1QVCvQ&utm_source=Instagram&utm_medium=social&utm_campaign=GG-LX_202609&utm_content=GG-07,GG-LX_202609,GG-07,,,MERGED POST: this is both the GGT recap AND the Loxley's launch. Do NOT also schedule a separate GGT recap - they are the same slot.
MC-06,2026-09-02,12:30,MC,"ig,fb","Carousel, 4 slides",pending,,"Early bird's done. $24.99 from here.

Here's what that gets you: a room of 30 people who all decided to leave the house on a Tuesday to meet someone in person. Hosts who run the room so you're not stranded in a corner. A bar. Two hours.

22 people came to our first one. We've run three more since.

September 8, Marion Court Room. Link in bio.",#LancasterDating #SingleInLancaster #LancasterEvents #SparkDate,Early bird's done. $24.99 from here. Here's what that gets you: a room of 30 people who all decided to leave the house on a Tuesday to meet someone in person. Hosts who run the room so you're not stranded in a corner. A bar. Two hours.,https://sparkdate.date/lp?eventId=WUaooYvOq0eC0D1QVCvQ&utm_source=Facebook&utm_medium=social&utm_campaign=MC_202609&utm_content=MC-06,https://sparkdate.date/lp?eventId=WUaooYvOq0eC0D1QVCvQ&utm_source=Instagram&utm_medium=social&utm_campaign=MC_202609&utm_content=MC-06,MC_202609,MC-06,,,Slide 4 holds the '22 - Event 1' stat. See Flags tab re: 31 vs 22.
MC-07,2026-09-03,11:00,MC,"ig,fb","Carousel, 6 slides",pending,,"What actually happens, in order:

You get there, open a tab, get a drink. Nobody makes you do anything yet.

Then we sit you down for an icebreaker activity - with people we think you'll click with. It's low-stakes and it takes the pressure off. You laugh, or you don't, and either way you've now talked to someone.

Then open mingling. Go where you want.

Then the 7-minute rounds, at the end - once you already know half the room.

That's the whole thing. Most speed dating does that order backwards.

September 8, Marion Court Room, Lancaster. $24.99.",#LancasterDating #SingleInLancaster #SpeedDating #SparkDate,"What actually happens, in order: You get there, open a tab, get a drink. Nobody makes you do anything yet. Then we sit you down for an icebreaker activity - with people we think you'll click with. It's low-stakes and it takes the pressure off.",https://sparkdate.date/lp?eventId=WUaooYvOq0eC0D1QVCvQ&utm_source=Facebook&utm_medium=social&utm_campaign=MC_202609&utm_content=MC-07,https://sparkdate.date/lp?eventId=WUaooYvOq0eC0D1QVCvQ&utm_source=Instagram&utm_medium=social&utm_campaign=MC_202609&utm_content=MC-07,MC_202609,MC-07,,,HIGHEST-SAVE POST in the plan.
MC-08,2026-09-04,17:00,MC,"ig,fb","Carousel, 3 slides",pending,,"""Fantastic people & fantastic vibes. Great fun.""
- Luke

""Good networking opportunities!""
- Jeff

""A night to remember!""
- Alex

That's the whole goal. Not a viral night. Not a party. Just a room where you can actually talk to someone.

September 8, Marion Court Room, Lancaster.",#LancasterDating #LancasterEvents #IRLDating #SparkDate,"""Fantastic people & fantastic vibes. Great fun."" - Luke ""Good networking opportunities!"" - Jeff ""A night to remember!"" - Alex That's the whole goal. Not a viral night. Not a party. Just a room where you can actually talk to someone. September 8, Marion...",https://sparkdate.date/lp?eventId=WUaooYvOq0eC0D1QVCvQ&utm_source=Facebook&utm_medium=social&utm_campaign=MC_202609&utm_content=MC-08,https://sparkdate.date/lp?eventId=WUaooYvOq0eC0D1QVCvQ&utm_source=Instagram&utm_medium=social&utm_campaign=MC_202609&utm_content=MC-08,MC_202609,MC-08,,,Text-only quote card. UPGRADE if Aug 26/31 produced a 2nd testimonial.
MC-09,2026-09-05,16:00,MC,"ig,fb","Carousel, 5 slides",pending,,"The apps are good at matching. That part works.

What nobody solved is the part after - the two weeks of texting, the plan that never gets made, the conversation that just stops.

So we host the meeting. That's the entire business.

September 8, Lancaster. Link in bio.",#LancasterDating #SingleInLancaster #DatingAppFatigue #SparkDate,"The apps are good at matching. That part works. What nobody solved is the part after - the two weeks of texting, the plan that never gets made, the conversation that just stops. So we host the meeting. That's the entire business. September 8, Lancaster.",https://sparkdate.date/lp?eventId=WUaooYvOq0eC0D1QVCvQ&utm_source=Facebook&utm_medium=social&utm_campaign=MC_202609&utm_content=MC-09,https://sparkdate.date/lp?eventId=WUaooYvOq0eC0D1QVCvQ&utm_source=Instagram&utm_medium=social&utm_campaign=MC_202609&utm_content=MC-09,MC_202609,MC-09,,,Design-only.
MC-10,2026-09-06,16:00,MC,"ig,fb","Carousel, 5 slides",pending,,"The practical stuff, since people ask:

Come as you are - nobody's in a suit. Doors at 6:30, and it's worth being there for the start. Downtown Lancaster, parking nearby. Hosts run the room, so you're never stranded in a corner or stuck in one conversation you can't get out of.

That's it. You just show up.

September 8, Marion Court Room. Link in bio.",#LancasterDating #LancasterEvents #SpeedDating #SparkDate,"The practical stuff, since people ask: Come as you are - nobody's in a suit. Doors at 6:30, and it's worth being there for the start. Downtown Lancaster, parking nearby.",https://sparkdate.date/lp?eventId=WUaooYvOq0eC0D1QVCvQ&utm_source=Facebook&utm_medium=social&utm_campaign=MC_202609&utm_content=MC-10,https://sparkdate.date/lp?eventId=WUaooYvOq0eC0D1QVCvQ&utm_source=Instagram&utm_medium=social&utm_campaign=MC_202609&utm_content=MC-10,MC_202609,MC-10,,,BLOCKER: confirm Marion Court parking + entrance specifics before this posts.
LX-11,2026-09-07,09:00,LX,"ig,fb","Carousel, 3 slides",pending,,"Early bird for September 22 ends tonight.

$24.99 today. $29.99 tomorrow. Loxley's, patio bar, Lancaster, 6:30 to 8:30.

Link in bio.",#LancasterDating #LancasterEvents #EarlyBird #SparkDate,"Early bird for September 22 ends tonight. $24.99 today. $29.99 tomorrow. Loxley's, patio bar, Lancaster, 6:30 to 8:30. Link in bio.",https://sparkdate.date/lp?eventId=KL4onXm7hJbqiwI9quAZ&utm_source=Facebook&utm_medium=social&utm_campaign=LX_202609&utm_content=LX-11,https://sparkdate.date/lp?eventId=KL4onXm7hJbqiwI9quAZ&utm_source=Instagram&utm_medium=social&utm_campaign=LX_202609&utm_content=LX-11,LX_202609,LX-11,,,PIN TO PROFILE for the day. BLOCKER: Eventbrite early bird must be moved from Sep 1 to Sep 7.
MC-12,2026-09-07,18:30,MC,"fb,ig_story",Single image + Story,pending,,"Tomorrow. 6:30. Marion Court Room, Lancaster.

Last call - link in bio.",#LancasterDating #LancasterEvents #SparkDate,"Tomorrow. 6:30. Marion Court Room, Lancaster. Last call - link in bio.",https://sparkdate.date/lp?eventId=WUaooYvOq0eC0D1QVCvQ&utm_source=Facebook&utm_medium=social&utm_campaign=MC_202609&utm_content=MC-12,https://sparkdate.date/lp?eventId=WUaooYvOq0eC0D1QVCvQ&utm_source=Instagram&utm_medium=social&utm_campaign=MC_202609&utm_content=MC-12,MC_202609,MC-12,,,"Tightest day in the plan - two events, nine hours apart."
MC-13,2026-09-08,09:00,MC,"ig,fb",Single image,pending,,"Tonight. Doors at 6:30. Marion Court Room, Lancaster.

See you there.",#LancasterDating #LancasterEvents #SparkDate,"Tonight. Doors at 6:30. Marion Court Room, Lancaster. See you there.",https://sparkdate.date/lp?eventId=WUaooYvOq0eC0D1QVCvQ&utm_source=Facebook&utm_medium=social&utm_campaign=MC_202609&utm_content=MC-13,https://sparkdate.date/lp?eventId=WUaooYvOq0eC0D1QVCvQ&utm_source=Instagram&utm_medium=social&utm_campaign=MC_202609&utm_content=MC-13,MC_202609,MC-13,,,EVENT DAY.
MC-14,2026-09-08,6:30-9:00 PM,MC,ig_story,Story frames x6-8,pending,,"Live: door, room filling, wide shot once going, the bar, one detail.",#LancasterDating #LancasterEvents #SparkDate,"Live: door, room filling, wide shot once going, the bar, one detail.",,https://sparkdate.date/lp?eventId=WUaooYvOq0eC0D1QVCvQ&utm_source=Instagram&utm_medium=social&utm_campaign=MC_202609&utm_content=MC-14,MC_202609,MC-14,,,CAPTURE PRIORITY: releases at check-in + 3-5 on-camera testimonials.
MC-15,2026-09-09,12:30,"MC,LX","ig,fb","Carousel, 3 slides",pending,,"Last night at Marion Court.

[REAL NUMBER] people in a room on a Tuesday, in person, talking to each other. Thanks to everyone who came out.

Next one's Loxley's - September 22, patio bar, Lancaster. Early bird's done, $29.99 from here.

Link in bio.",#LancasterDating #LancasterEvents #SparkDate,"Last night at Marion Court. [REAL NUMBER] people in a room on a Tuesday, in person, talking to each other. Thanks to everyone who came out. Next one's Loxley's - September 22, patio bar, Lancaster. Early bird's done, $29.99 from here. Link in bio.",https://sparkdate.date/lp?eventId=KL4onXm7hJbqiwI9quAZ&utm_source=Facebook&utm_medium=social&utm_campaign=MC-LX_202609&utm_content=MC-15,https://sparkdate.date/lp?eventId=KL4onXm7hJbqiwI9quAZ&utm_source=Instagram&utm_medium=social&utm_campaign=MC-LX_202609&utm_content=MC-15,MC-LX_202609,MC-15,,,[REAL NUMBER] = counted check-in figure or CUT THE LINE.
LX-16,2026-09-10,18:00,LX,"ig,fb",Reel,pending,,"Here's where September 22 happens.

Loxley's, patio bar, Lancaster. Open air, room to move, and a bar that's open the whole time.

6:30 to 8:30. $29.99. Link in bio.",#LancasterDating #LancasterEvents #LancasterNightlife #SparkDate,"Here's where September 22 happens. Loxley's, patio bar, Lancaster. Open air, room to move, and a bar that's open the whole time. 6:30 to 8:30. $29.99. Link in bio.",https://sparkdate.date/lp?eventId=KL4onXm7hJbqiwI9quAZ&utm_source=Facebook&utm_medium=social&utm_campaign=LX_202609&utm_content=LX-16,https://sparkdate.date/lp?eventId=KL4onXm7hJbqiwI9quAZ&utm_source=Instagram&utm_medium=social&utm_campaign=LX_202609&utm_content=LX-16,LX_202609,LX-16,,,BLOCKER: shoot the patio B-roll before this date. Sep 15 and Sep 20 reuse the frames.
LX-17,2026-09-12,16:00,LX,"ig,fb","Carousel, 5 slides",pending,,"Who comes to these:

Not a party crowd. Not a bar scene. Lancaster people, mostly late twenties through forties, who'd rather spend one evening meeting someone in person than six months not-quite-texting them.

Thirty people. That's the cap, and it's the point.

September 22, Loxley's. Link in bio.",#LancasterDating #SingleInLancaster #LancasterEvents #SparkDate,"Who comes to these: Not a party crowd. Not a bar scene. Lancaster people, mostly late twenties through forties, who'd rather spend one evening meeting someone in person than six months not-quite-texting them. Thirty people.",https://sparkdate.date/lp?eventId=KL4onXm7hJbqiwI9quAZ&utm_source=Facebook&utm_medium=social&utm_campaign=LX_202609&utm_content=LX-17,https://sparkdate.date/lp?eventId=KL4onXm7hJbqiwI9quAZ&utm_source=Instagram&utm_medium=social&utm_campaign=LX_202609&utm_content=LX-17,LX_202609,LX-17,,,IMG_8862 is NOT Lancaster - never caption it as the venue.
LX-18,2026-09-14,16:00,LX,"ig,fb","Carousel, 6 slides",pending,,"No profiles. No swiping. No ""sorry, crazy week"" texts.

Just a room of people who showed up to meet. Hosts run it so nobody gets stranded. You talk to people. If something clicks, you follow up.

September 22, Loxley's, Lancaster. $29.99.",#LancasterDating #IRLDating #SpeedDating #SparkDate,"No profiles. No swiping. No ""sorry, crazy week"" texts. Just a room of people who showed up to meet. Hosts run it so nobody gets stranded. You talk to people. If something clicks, you follow up. September 22, Loxley's, Lancaster. $29.99.",https://sparkdate.date/lp?eventId=KL4onXm7hJbqiwI9quAZ&utm_source=Facebook&utm_medium=social&utm_campaign=LX_202609&utm_content=LX-18,https://sparkdate.date/lp?eventId=KL4onXm7hJbqiwI9quAZ&utm_source=Instagram&utm_medium=social&utm_campaign=LX_202609&utm_content=LX-18,LX_202609,LX-18,,,Sunday carousels save and share well.
LX-19,2026-09-15,12:30,LX,"ig,fb","Carousel, 3 slides",pending,,"One week out.

Tuesday, September 22. Loxley's, patio bar, Lancaster. Doors at 6:30.

Thirty people, and that's the cap. $29.99.

Link in bio.",#LancasterDating #SingleInLancaster #LancasterEvents #SparkDate,"One week out. Tuesday, September 22. Loxley's, patio bar, Lancaster. Doors at 6:30. Thirty people, and that's the cap. $29.99. Link in bio.",https://sparkdate.date/lp?eventId=KL4onXm7hJbqiwI9quAZ&utm_source=Facebook&utm_medium=social&utm_campaign=LX_202609&utm_content=LX-19,https://sparkdate.date/lp?eventId=KL4onXm7hJbqiwI9quAZ&utm_source=Instagram&utm_medium=social&utm_campaign=LX_202609&utm_content=LX-19,LX_202609,LX-19,,,No deadline lever left. The cap is the only honest scarcity - do not invent a tickets-left number.
LX-20,2026-09-16,12:30,LX,"ig,fb","Carousel, 3 slides",pending,,"""Everyone was so lively and some of us connected so well we chatted well into the evening.""
- Molly

""Cool Atmosphere!""
- James

That's what the ticket is actually for. Not a gimmick, not a party. A room where you can hear yourself think and someone across from you is there for the same reason.

September 22, Loxley's.",#LancasterDating #LancasterEvents #SparkDate,"""Everyone was so lively and some of us connected so well we chatted well into the evening."" - Molly ""Cool Atmosphere!"" - James That's what the ticket is actually for. Not a gimmick, not a party. A room where you can hear yourself think and someone...",https://sparkdate.date/lp?eventId=KL4onXm7hJbqiwI9quAZ&utm_source=Facebook&utm_medium=social&utm_campaign=LX_202609&utm_content=LX-20,https://sparkdate.date/lp?eventId=KL4onXm7hJbqiwI9quAZ&utm_source=Instagram&utm_medium=social&utm_campaign=LX_202609&utm_content=LX-20,LX_202609,LX-20,,,Quang's 2nd and FINAL outing in 30 days. Replace if Sep 8 produced a testimonial.
LX-21,2026-09-17,17:00,LX,"ig,fb",Reel,pending,,"You're already paying for dating. A subscription, a boost, the occasional coffee with someone you'd known for three weeks by text and had nothing to say to in person.

One evening. Thirty people. Everyone in the room is there on purpose.

September 22, Loxley's, Lancaster. $29.99.",#LancasterDating #DatingApps #LancasterEvents #SparkDate,"You're already paying for dating. A subscription, a boost, the occasional coffee with someone you'd known for three weeks by text and had nothing to say to in person. One evening. Thirty people. Everyone in the room is there on purpose.",https://sparkdate.date/lp?eventId=KL4onXm7hJbqiwI9quAZ&utm_source=Facebook&utm_medium=social&utm_campaign=LX_202609&utm_content=LX-21,https://sparkdate.date/lp?eventId=KL4onXm7hJbqiwI9quAZ&utm_source=Instagram&utm_medium=social&utm_campaign=LX_202609&utm_content=LX-21,LX_202609,LX-21,,,DO NOT cite a subscription price you haven't verified - keep it qualitative.
LX-22,2026-09-19,19:00,LX,"ig,fb","Carousel, 4 slides",pending,,"You don't have to walk in alone. Most people don't.

Bring a friend. Split the nerves, double the people you actually end up talking to, and have someone to debrief with on the way out.

Two-for-one tickets are live. September 22, Loxley's, Lancaster.",#LancasterDating #SingleInLancaster #LancasterEvents #SparkDate,"You don't have to walk in alone. Most people don't. Bring a friend. Split the nerves, double the people you actually end up talking to, and have someone to debrief with on the way out. Two-for-one tickets are live. September 22, Loxley's, Lancaster.",https://sparkdate.date/lp?eventId=KL4onXm7hJbqiwI9quAZ&utm_source=Facebook&utm_medium=social&utm_campaign=LX_202609&utm_content=LX-22,https://sparkdate.date/lp?eventId=KL4onXm7hJbqiwI9quAZ&utm_source=Instagram&utm_medium=social&utm_campaign=LX_202609&utm_content=LX-22,LX_202609,LX-22,,,BEST-CONVERTING OFFER. BLOCKER: 2-for-1 ticket type must be live in Eventbrite first.  ** DECIDED Aug 19 - PULLED: substitute from IMG_8859/8861/8862/8865/9001/9004/9005. **
LX-23,2026-09-20,16:00,LX,"ig,fb","Carousel, 3 slides",pending,,"Two days.

If you've been watching these go by thinking ""next time"" - this is next time. September 22, Loxley's, patio bar, 6:30.

Last tickets in bio.",#LancasterDating #LancasterEvents #SparkDate,"Two days. If you've been watching these go by thinking ""next time"" - this is next time. September 22, Loxley's, patio bar, 6:30. Last tickets in bio.",https://sparkdate.date/lp?eventId=KL4onXm7hJbqiwI9quAZ&utm_source=Facebook&utm_medium=social&utm_campaign=LX_202609&utm_content=LX-23,https://sparkdate.date/lp?eventId=KL4onXm7hJbqiwI9quAZ&utm_source=Instagram&utm_medium=social&utm_campaign=LX_202609&utm_content=LX-23,LX_202609,LX-23,,,Clean and simple - no new concepts.
LX-24,2026-09-21,18:30,LX,"fb,ig_story",Single image + Story,pending,,"Tomorrow. 6:30. Loxley's, Lancaster.

Last call - link in bio.",#LancasterPA #LancasterEvents #SingleInLancaster #DowntownLancaster #LancasterNightlife #IRLDating #DatingAppFatigue #MeetInPerson #LancasterSingles #SpeedDating,"Tomorrow. 6:30. Loxley's, Lancaster. Last call - link in bio.",https://sparkdate.date/lp?eventId=KL4onXm7hJbqiwI9quAZ&utm_source=Facebook&utm_medium=social&utm_campaign=LX_202609&utm_content=LX-24,https://sparkdate.date/lp?eventId=KL4onXm7hJbqiwI9quAZ&utm_source=Instagram&utm_medium=social&utm_campaign=LX_202609&utm_content=LX-24,LX_202609,LX-24,,,Design-only. Nothing else on the card.
LX-25,2026-09-22,09:00,LX,"ig,fb",Single image,pending,,"Tonight. Doors at 6:30. Loxley's, Lancaster. See you there.",#LancasterPA #LancasterEvents #SingleInLancaster #DowntownLancaster #LancasterNightlife #IRLDating #DatingAppFatigue #MeetInPerson #LancasterSingles #SpeedDating,"Tonight. Doors at 6:30. Loxley's, Lancaster. See you there.",https://sparkdate.date/lp?eventId=KL4onXm7hJbqiwI9quAZ&utm_source=Facebook&utm_medium=social&utm_campaign=LX_202609&utm_content=LX-25,https://sparkdate.date/lp?eventId=KL4onXm7hJbqiwI9quAZ&utm_source=Instagram&utm_medium=social&utm_campaign=LX_202609&utm_content=LX-25,LX_202609,LX-25,,,EVENT DAY.
LX-26,2026-09-22,6:30-9:00 PM,LX,ig_story,Story frames x6-8,pending,,"Live: door, patio filling, wide shot, the bar, one detail.",#LancasterDating #LancasterEvents #SingleInLancaster #LancasterNightlife #SparkDate,"Live: door, patio filling, wide shot, the bar, one detail.",,https://sparkdate.date/lp?eventId=KL4onXm7hJbqiwI9quAZ&utm_source=Instagram&utm_medium=social&utm_campaign=LX_202609&utm_content=LX-26,LX_202609,LX-26,,,Releases at check-in. 3-5 on-camera testimonials.
LX-27,2026-09-23,12:30,LX,"ig,fb","Carousel, 3 slides",pending,,"Last night at Loxley's.

That's five events since June. [REAL NUMBER] people last night, on a Tuesday, on a patio, meeting each other in person.

Thanks to everyone who came out. Next one's already in the works - follow to hear about it first.",#LancasterDating #LancasterEvents #SparkDate,"Last night at Loxley's. That's five events since June. [REAL NUMBER] people last night, on a Tuesday, on a patio, meeting each other in person. Thanks to everyone who came out. Next one's already in the works - follow to hear about it first.",https://sparkdate.date/lp?eventId=KL4onXm7hJbqiwI9quAZ&utm_source=Facebook&utm_medium=social&utm_campaign=LX_202609&utm_content=LX-27,https://sparkdate.date/lp?eventId=KL4onXm7hJbqiwI9quAZ&utm_source=Instagram&utm_medium=social&utm_campaign=LX_202609&utm_content=LX-27,LX_202609,LX-27,,,[REAL NUMBER] needed. FLAG: 'five events since June' may be six - confirm the count.
